insert into artobjects_hall (id, hall_name) values (1, 'Azoz Hall');
insert into artobjects_hall (id, hall_name) values (2, 'CSIS Hall');
insert into artobjects_hall (id, hall_name) values (3, '6 October Hall');
insert into artobjects_hall (id, hall_name) values (4, 'O6U Hall');
insert into artobjects_hall (id, hall_name) values (5, 'Elhawamdia Hall');
insert into artobjects_hall (id, hall_name) values (6, 'Marshall Hall');
insert into artobjects_hall (id, hall_name) values (7, 'SAM Hall');
insert into artobjects_hall (id, hall_name) values (8, 'Inventory Hall');



insert into artobjects_artobject (id, name, date_added, last_modified, active, hall_id) values (1, 'Ferrari', '2022-09-20 09:17:11', '2023-02-06 19:09:19', false, 6);
insert into artobjects_artobject (id, name, date_added, last_modified, active, hall_id) values (2, 'Volkswagen', '2022-05-17 16:02:28', '2023-01-25 11:21:31', false, 6);
insert into artobjects_artobject (id, name, date_added, last_modified, active, hall_id) values (3, 'Pontiac', '2022-07-22 02:42:24', '2023-02-24 01:04:32', true, 1);
insert into artobjects_artobject (id, name, date_added, last_modified, active, hall_id) values (4, 'Mercury', '2022-10-25 19:13:27', '2023-02-28 16:20:30', true, 2);
insert into artobjects_artobject (id, name, date_added, last_modified, active, hall_id) values (5, 'Toyota', '2022-05-24 22:25:56', '2023-02-16 16:29:17', false, 8);
insert into artobjects_artobject (id, name, date_added, last_modified, active, hall_id) values (6, 'GMC', '2022-07-18 08:32:45', '2023-01-04 21:22:10', true, 2);
insert into artobjects_artobject (id, name, date_added, last_modified, active, hall_id) values (7, 'Mitsubishi', '2022-03-08 17:29:33', '2023-01-18 23:03:39', true, 3);
insert into artobjects_artobject (id, name, date_added, last_modified, active, hall_id) values (8, 'Dodge', '2022-10-08 01:47:48', '2023-02-21 17:36:51', false, 7);
insert into artobjects_artobject (id, name, date_added, last_modified, active, hall_id) values (9, 'Ford', '2022-07-21 09:54:33', '2023-02-25 09:55:28', false, 4);
insert into artobjects_artobject (id, name, date_added, last_modified, active, hall_id) values (10, 'Mazda', '2022-12-10 15:41:13', '2023-02-17 02:10:56', true, 4);
insert into artobjects_artobject (id, name, date_added, last_modified, active, hall_id) values (11, 'Mercedes-Benz', '2022-12-24 05:56:57', '2023-02-10 23:46:35', false, 1);
insert into artobjects_artobject (id, name, date_added, last_modified, active, hall_id) values (12, 'Toyota', '2022-03-18 17:12:54', '2023-02-24 16:11:21', false, 8);
insert into artobjects_artobject (id, name, date_added, last_modified, active, hall_id) values (13, 'Chevrolet', '2022-03-05 12:35:28', '2023-02-23 07:22:45', true, 8);
insert into artobjects_artobject (id, name, date_added, last_modified, active, hall_id) values (14, 'Daihatsu', '2022-03-28 05:08:50', '2023-02-03 15:25:49', true, 2);
insert into artobjects_artobject (id, name, date_added, last_modified, active, hall_id) values (15, 'Volkswagen', '2022-12-04 01:57:33', '2023-02-22 22:45:45', false, 6);
insert into artobjects_artobject (id, name, date_added, last_modified, active, hall_id) values (16, 'BMW', '2022-10-26 15:43:20', '2023-01-01 15:54:34', false, 6);
insert into artobjects_artobject (id, name, date_added, last_modified, active, hall_id) values (17, 'Lincoln', '2022-07-13 13:15:41', '2023-02-16 14:09:15', true, 4);
insert into artobjects_artobject (id, name, date_added, last_modified, active, hall_id) values (18, 'Mitsubishi', '2022-05-06 08:30:37', '2023-02-01 19:25:52', true, 1);
insert into artobjects_artobject (id, name, date_added, last_modified, active, hall_id) values (19, 'BMW', '2022-07-26 16:54:40', '2023-01-24 17:00:06', false, 7);
insert into artobjects_artobject (id, name, date_added, last_modified, active, hall_id) values (20, 'Ford', '2022-03-13 09:24:22', '2023-01-03 17:35:49', false, 3);
insert into artobjects_artobject (id, name, date_added, last_modified, active, hall_id) values (21, 'GMC', '2022-03-23 09:53:12', '2023-02-23 16:50:39', false, 4);
insert into artobjects_artobject (id, name, date_added, last_modified, active, hall_id) values (22, 'Chevrolet', '2022-06-07 04:58:00', '2023-02-22 19:07:29', true, 1);
insert into artobjects_artobject (id, name, date_added, last_modified, active, hall_id) values (23, 'Mercury', '2022-04-12 21:17:53', '2023-02-11 19:46:55', true, 5);
insert into artobjects_artobject (id, name, date_added, last_modified, active, hall_id) values (24, 'Chevrolet', '2022-04-15 19:21:48', '2023-02-22 09:29:32', false, 6);
insert into artobjects_artobject (id, name, date_added, last_modified, active, hall_id) values (25, 'Ferrari', '2022-10-02 10:05:50', '2023-01-03 06:45:32', false, 8);
insert into artobjects_artobject (id, name, date_added, last_modified, active, hall_id) values (26, 'Buick', '2022-05-03 06:20:23', '2023-02-10 06:48:53', true, 4);
insert into artobjects_artobject (id, name, date_added, last_modified, active, hall_id) values (27, 'Chevrolet', '2022-09-20 19:43:44', '2023-01-23 19:42:42', false, 4);
insert into artobjects_artobject (id, name, date_added, last_modified, active, hall_id) values (28, 'Mazda', '2022-12-20 07:41:34', '2023-01-09 21:53:08', true, 7);
insert into artobjects_artobject (id, name, date_added, last_modified, active, hall_id) values (29, 'Subaru', '2022-04-27 00:27:02', '2023-01-22 08:00:22', false, 5);
insert into artobjects_artobject (id, name, date_added, last_modified, active, hall_id) values (30, 'Acura', '2022-12-15 01:52:41', '2023-02-27 01:10:02', false, 8);
insert into artobjects_artobject (id, name, date_added, last_modified, active, hall_id) values (31, 'Buick', '2022-09-25 15:52:23', '2023-02-22 04:09:28', true, 5);
insert into artobjects_artobject (id, name, date_added, last_modified, active, hall_id) values (32, 'BMW', '2022-03-03 17:02:39', '2023-01-30 15:20:27', false, 7);
insert into artobjects_artobject (id, name, date_added, last_modified, active, hall_id) values (33, 'Volkswagen', '2022-09-29 05:56:26', '2023-01-04 16:39:42', false, 8);
insert into artobjects_artobject (id, name, date_added, last_modified, active, hall_id) values (34, 'Ford', '2022-03-12 02:09:50', '2023-01-30 07:14:22', false, 5);
insert into artobjects_artobject (id, name, date_added, last_modified, active, hall_id) values (35, 'Dodge', '2022-10-26 11:11:00', '2023-02-10 15:27:34', true, 8);
insert into artobjects_artobject (id, name, date_added, last_modified, active, hall_id) values (36, 'Mazda', '2022-05-20 08:19:20', '2023-01-07 06:33:56', false, 8);
insert into artobjects_artobject (id, name, date_added, last_modified, active, hall_id) values (37, 'Audi', '2022-10-10 10:26:26', '2023-02-26 21:57:26', true, 8);
insert into artobjects_artobject (id, name, date_added, last_modified, active, hall_id) values (38, 'Volvo', '2022-08-11 11:11:37', '2023-02-06 07:37:07', true, 4);
insert into artobjects_artobject (id, name, date_added, last_modified, active, hall_id) values (39, 'Oldsmobile', '2022-06-04 06:07:24', '2023-01-05 08:59:07', false, 3);
insert into artobjects_artobject (id, name, date_added, last_modified, active, hall_id) values (40, 'Mitsubishi', '2022-08-01 05:31:27', '2023-01-22 02:52:55', true, 5);
insert into artobjects_artobject (id, name, date_added, last_modified, active, hall_id) values (41, 'Mitsubishi', '2022-08-31 23:17:04', '2023-01-09 15:43:46', false, 4);
insert into artobjects_artobject (id, name, date_added, last_modified, active, hall_id) values (42, 'Volkswagen', '2022-11-16 18:14:14', '2023-01-13 14:27:07', false, 7);
insert into artobjects_artobject (id, name, date_added, last_modified, active, hall_id) values (43, 'Mercedes-Benz', '2022-07-28 12:26:09', '2023-02-27 15:26:44', false, 2);
insert into artobjects_artobject (id, name, date_added, last_modified, active, hall_id) values (44, 'Plymouth', '2022-07-27 19:14:24', '2023-02-26 14:29:46', false, 8);
insert into artobjects_artobject (id, name, date_added, last_modified, active, hall_id) values (45, 'Subaru', '2022-10-08 15:46:19', '2023-01-09 09:29:38', true, 8);
insert into artobjects_artobject (id, name, date_added, last_modified, active, hall_id) values (46, 'Audi', '2022-05-13 18:31:58', '2023-02-07 18:07:24', true, 7);
insert into artobjects_artobject (id, name, date_added, last_modified, active, hall_id) values (47, 'Pontiac', '2022-12-26 16:44:50', '2023-01-19 11:25:47', false, 4);
insert into artobjects_artobject (id, name, date_added, last_modified, active, hall_id) values (48, 'Subaru', '2022-04-03 14:54:50', '2023-02-27 04:42:16', false, 1);
insert into artobjects_artobject (id, name, date_added, last_modified, active, hall_id) values (49, 'Dodge', '2022-04-23 18:44:49', '2023-02-24 08:09:44', false, 6);
insert into artobjects_artobject (id, name, date_added, last_modified, active, hall_id) values (50, 'Chevrolet', '2022-06-08 04:05:57', '2023-02-28 23:23:38', false, 3);
insert into artobjects_artobject (id, name, date_added, last_modified, active, hall_id) values (51, 'Honda', '2022-05-20 15:34:38', '2023-02-06 07:13:59', true, 3);
insert into artobjects_artobject (id, name, date_added, last_modified, active, hall_id) values (52, 'Dodge', '2022-04-07 10:52:35', '2023-01-20 11:50:07', true, 7);
insert into artobjects_artobject (id, name, date_added, last_modified, active, hall_id) values (53, 'Infiniti', '2022-07-19 23:02:06', '2023-02-20 16:11:59', false, 3);
insert into artobjects_artobject (id, name, date_added, last_modified, active, hall_id) values (54, 'Audi', '2022-11-03 00:32:37', '2023-02-06 06:07:21', false, 4);
insert into artobjects_artobject (id, name, date_added, last_modified, active, hall_id) values (55, 'Kia', '2022-07-13 15:19:01', '2023-02-09 09:09:56', false, 6);
insert into artobjects_artobject (id, name, date_added, last_modified, active, hall_id) values (56, 'Kia', '2022-05-19 19:05:54', '2023-02-01 08:12:50', false, 6);
insert into artobjects_artobject (id, name, date_added, last_modified, active, hall_id) values (57, 'Dodge', '2022-10-20 15:01:52', '2023-01-05 06:55:16', true, 4);
insert into artobjects_artobject (id, name, date_added, last_modified, active, hall_id) values (58, 'Lotus', '2022-09-01 16:54:10', '2023-02-10 20:28:59', true, 8);
insert into artobjects_artobject (id, name, date_added, last_modified, active, hall_id) values (59, 'Dodge', '2022-10-08 10:40:11', '2023-02-19 13:58:45', true, 4);
insert into artobjects_artobject (id, name, date_added, last_modified, active, hall_id) values (60, 'Cadillac', '2022-09-17 10:13:04', '2023-01-18 17:43:37', true, 1);
insert into artobjects_artobject (id, name, date_added, last_modified, active, hall_id) values (61, 'Maserati', '2022-08-06 11:48:42', '2023-01-02 06:38:55', true, 8);
insert into artobjects_artobject (id, name, date_added, last_modified, active, hall_id) values (62, 'Toyota', '2022-09-30 11:09:21', '2023-02-09 04:53:10', true, 4);
insert into artobjects_artobject (id, name, date_added, last_modified, active, hall_id) values (63, 'Volvo', '2022-04-04 18:20:14', '2023-01-16 23:37:20', false, 3);
insert into artobjects_artobject (id, name, date_added, last_modified, active, hall_id) values (64, 'Acura', '2022-11-29 12:52:42', '2023-02-02 09:57:32', false, 4);
insert into artobjects_artobject (id, name, date_added, last_modified, active, hall_id) values (65, 'Mitsubishi', '2022-06-28 16:27:25', '2023-01-04 00:26:56', true, 8);
insert into artobjects_artobject (id, name, date_added, last_modified, active, hall_id) values (66, 'GMC', '2022-07-27 05:12:33', '2023-02-21 14:56:30', false, 4);
insert into artobjects_artobject (id, name, date_added, last_modified, active, hall_id) values (67, 'Acura', '2022-08-02 21:45:46', '2023-01-12 02:15:37', true, 5);
insert into artobjects_artobject (id, name, date_added, last_modified, active, hall_id) values (68, 'Chevrolet', '2022-10-20 21:15:50', '2023-01-11 05:41:37', false, 5);
insert into artobjects_artobject (id, name, date_added, last_modified, active, hall_id) values (69, 'Suzuki', '2022-07-07 00:21:46', '2023-02-18 15:31:48', true, 8);
insert into artobjects_artobject (id, name, date_added, last_modified, active, hall_id) values (70, 'Bentley', '2022-04-14 17:10:22', '2023-02-13 15:50:40', false, 5);
insert into artobjects_artobject (id, name, date_added, last_modified, active, hall_id) values (71, 'Lamborghini', '2022-05-08 05:14:06', '2023-01-01 18:30:11', true, 3);
insert into artobjects_artobject (id, name, date_added, last_modified, active, hall_id) values (72, 'GMC', '2022-03-11 05:59:18', '2023-01-04 10:04:29', false, 8);
insert into artobjects_artobject (id, name, date_added, last_modified, active, hall_id) values (73, 'Subaru', '2022-03-31 05:20:08', '2023-01-21 02:33:01', true, 1);
insert into artobjects_artobject (id, name, date_added, last_modified, active, hall_id) values (74, 'Acura', '2022-05-09 01:30:32', '2023-01-13 19:51:19', false, 5);
insert into artobjects_artobject (id, name, date_added, last_modified, active, hall_id) values (75, 'Mazda', '2022-09-01 00:48:13', '2023-01-21 08:14:56', true, 3);
insert into artobjects_artobject (id, name, date_added, last_modified, active, hall_id) values (76, 'Ford', '2022-11-29 19:43:31', '2023-01-21 21:15:22', true, 4);
insert into artobjects_artobject (id, name, date_added, last_modified, active, hall_id) values (77, 'Mazda', '2022-09-23 10:28:43', '2023-02-28 01:23:07', false, 7);
insert into artobjects_artobject (id, name, date_added, last_modified, active, hall_id) values (78, 'BMW', '2022-12-12 01:58:11', '2023-02-21 21:36:10', false, 3);
insert into artobjects_artobject (id, name, date_added, last_modified, active, hall_id) values (79, 'Suzuki', '2022-11-17 10:28:01', '2023-01-22 23:44:18', true, 5);
insert into artobjects_artobject (id, name, date_added, last_modified, active, hall_id) values (80, 'Chevrolet', '2022-12-27 02:55:05', '2023-01-20 23:44:43', true, 5);
insert into artobjects_artobject (id, name, date_added, last_modified, active, hall_id) values (81, 'Oldsmobile', '2022-05-04 18:10:08', '2023-02-04 10:53:11', true, 7);
insert into artobjects_artobject (id, name, date_added, last_modified, active, hall_id) values (82, 'Pontiac', '2022-10-02 15:46:10', '2023-02-18 15:47:37', true, 1);
insert into artobjects_artobject (id, name, date_added, last_modified, active, hall_id) values (83, 'Ford', '2022-05-16 16:51:10', '2023-01-07 16:00:44', true, 3);
insert into artobjects_artobject (id, name, date_added, last_modified, active, hall_id) values (84, 'Hyundai', '2022-07-29 18:36:54', '2023-01-05 10:15:00', false, 3);
insert into artobjects_artobject (id, name, date_added, last_modified, active, hall_id) values (85, 'Geo', '2022-07-13 04:35:35', '2023-02-23 03:45:35', true, 2);
insert into artobjects_artobject (id, name, date_added, last_modified, active, hall_id) values (86, 'Chevrolet', '2022-09-10 00:08:03', '2023-01-27 02:28:46', false, 4);
insert into artobjects_artobject (id, name, date_added, last_modified, active, hall_id) values (87, 'Mercedes-Benz', '2022-07-11 20:20:49', '2023-01-31 15:42:18', true, 4);
insert into artobjects_artobject (id, name, date_added, last_modified, active, hall_id) values (88, 'Lexus', '2022-12-08 17:09:56', '2023-01-03 01:04:13', true, 5);
insert into artobjects_artobject (id, name, date_added, last_modified, active, hall_id) values (89, 'Chevrolet', '2022-05-08 10:11:54', '2023-01-29 07:21:52', true, 2);
insert into artobjects_artobject (id, name, date_added, last_modified, active, hall_id) values (90, 'Ford', '2022-07-02 21:28:13', '2023-02-07 07:31:58', false, 3);
insert into artobjects_artobject (id, name, date_added, last_modified, active, hall_id) values (91, 'Cadillac', '2022-03-23 10:41:42', '2023-01-05 11:36:03', true, 1);
insert into artobjects_artobject (id, name, date_added, last_modified, active, hall_id) values (92, 'Kia', '2022-08-02 18:51:10', '2023-01-31 21:35:48', false, 3);
insert into artobjects_artobject (id, name, date_added, last_modified, active, hall_id) values (93, 'Audi', '2022-07-07 18:26:43', '2023-02-13 22:34:41', true, 2);
insert into artobjects_artobject (id, name, date_added, last_modified, active, hall_id) values (94, 'GMC', '2022-12-02 04:24:11', '2023-02-17 17:19:01', true, 5);
insert into artobjects_artobject (id, name, date_added, last_modified, active, hall_id) values (95, 'GMC', '2022-07-25 18:04:14', '2023-01-27 21:22:17', true, 8);
insert into artobjects_artobject (id, name, date_added, last_modified, active, hall_id) values (96, 'Acura', '2022-06-27 11:23:51', '2023-01-28 20:56:16', true, 4);
insert into artobjects_artobject (id, name, date_added, last_modified, active, hall_id) values (97, 'Lincoln', '2022-10-03 15:32:28', '2023-02-13 13:37:20', true, 1);
insert into artobjects_artobject (id, name, date_added, last_modified, active, hall_id) values (98, 'Holden', '2022-07-22 02:26:08', '2023-01-30 03:48:08', false, 7);
insert into artobjects_artobject (id, name, date_added, last_modified, active, hall_id) values (99, 'Audi', '2022-03-17 14:14:39', '2023-01-19 09:08:27', false, 2);
insert into artobjects_artobject (id, name, date_added, last_modified, active, hall_id) values (100, 'Pontiac', '2022-07-12 21:27:38', '2023-01-24 15:10:57', true, 6);




insert into artobjects_description (description, art_object_id) values ('Duis bibendum, felis sed interdum venenatis, turpis enim blandit mi, in porttitor pede justo eu massa. Donec dapibus. Duis at velit eu est congue elementum.', 1);
insert into artobjects_description (description, art_object_id) values ('Integer tincidunt ante vel ipsum. Praesent blandit lacinia erat. Vestibulum sed magna at nunc commodo placerat.', 2);
insert into artobjects_description (description, art_object_id) values ('In quis justo. Maecenas rhoncus aliquam lacus. Morbi quis tortor id nulla ultrices aliquet.', 3);
insert into artobjects_description (description, art_object_id) values ('Aliquam quis turpis eget elit sodales scelerisque. Mauris sit amet eros. Suspendisse accumsan tortor quis turpis.', 4);
insert into artobjects_description (description, art_object_id) values ('Nam ultrices, libero non mattis pulvinar, nulla pede ullamcorper augue, a suscipit nulla elit ac nulla. Sed vel enim sit amet nunc viverra dapibus. Nulla suscipit ligula in lacus.', 5);
insert into artobjects_description (description, art_object_id) values ('In hac habitasse platea dictumst. Morbi vestibulum, velit id pretium iaculis, diam erat fermentum justo, nec condimentum neque sapien placerat ante. Nulla justo.', 6);
insert into artobjects_description (description, art_object_id) values ('Curabitur gravida nisi at nibh. In hac habitasse platea dictumst. Aliquam augue quam, sollicitudin vitae, consectetuer eget, rutrum at, lorem.', 7);
insert into artobjects_description (description, art_object_id) values ('Duis bibendum, felis sed interdum venenatis, turpis enim blandit mi, in porttitor pede justo eu massa. Donec dapibus. Duis at velit eu est congue elementum.', 8);
insert into artobjects_description (description, art_object_id) values ('Morbi porttitor lorem id ligula. Suspendisse ornare consequat lectus. In est risus, auctor sed, tristique in, tempus sit amet, sem.', 9);
insert into artobjects_description (description, art_object_id) values ('Etiam vel augue. Vestibulum rutrum rutrum neque. Aenean auctor gravida sem.', 10);
insert into artobjects_description (description, art_object_id) values ('Morbi non lectus. Aliquam sit amet diam in magna bibendum imperdiet. Nullam orci pede, venenatis non, sodales sed, tincidunt eu, felis.', 11);
insert into artobjects_description (description, art_object_id) values ('In congue. Etiam justo. Etiam pretium iaculis justo.', 12);
insert into artobjects_description (description, art_object_id) values ('Vestibulum ac est lacinia nisi venenatis tristique. Fusce congue, diam id ornare imperdiet, sapien urna pretium nisl, ut volutpat sapien arcu sed augue. Aliquam erat volutpat.', 13);
insert into artobjects_description (description, art_object_id) values ('In quis justo. Maecenas rhoncus aliquam lacus. Morbi quis tortor id nulla ultrices aliquet.', 14);
insert into artobjects_description (description, art_object_id) values ('Sed ante. Vivamus tortor. Duis mattis egestas metus.', 15);
insert into artobjects_description (description, art_object_id) values ('In quis justo. Maecenas rhoncus aliquam lacus. Morbi quis tortor id nulla ultrices aliquet.', 16);
insert into artobjects_description (description, art_object_id) values ('Pellentesque at nulla. Suspendisse potenti. Cras in purus eu magna vulputate luctus.', 17);
insert into artobjects_description (description, art_object_id) values ('Praesent blandit. Nam nulla. Integer pede justo, lacinia eget, tincidunt eget, tempus vel, pede.', 18);
insert into artobjects_description (description, art_object_id) values ('Cras mi pede, malesuada in, imperdiet et, commodo vulputate, justo. In blandit ultrices enim. Lorem ipsum dolor sit amet, consectetuer adipiscing elit.', 19);
insert into artobjects_description (description, art_object_id) values ('Sed ante. Vivamus tortor. Duis mattis egestas metus.', 20);
insert into artobjects_description (description, art_object_id) values ('Praesent blandit. Nam nulla. Integer pede justo, lacinia eget, tincidunt eget, tempus vel, pede.', 21);
insert into artobjects_description (description, art_object_id) values ('Praesent blandit. Nam nulla. Integer pede justo, lacinia eget, tincidunt eget, tempus vel, pede.', 22);
insert into artobjects_description (description, art_object_id) values ('Etiam vel augue. Vestibulum rutrum rutrum neque. Aenean auctor gravida sem.', 23);
insert into artobjects_description (description, art_object_id) values ('Cras mi pede, malesuada in, imperdiet et, commodo vulputate, justo. In blandit ultrices enim. Lorem ipsum dolor sit amet, consectetuer adipiscing elit.', 24);
insert into artobjects_description (description, art_object_id) values ('Curabitur gravida nisi at nibh. In hac habitasse platea dictumst. Aliquam augue quam, sollicitudin vitae, consectetuer eget, rutrum at, lorem.', 25);
insert into artobjects_description (description, art_object_id) values ('Curabitur at ipsum ac tellus semper interdum. Mauris ullamcorper purus sit amet nulla. Quisque arcu libero, rutrum ac, lobortis vel, dapibus at, diam.', 26);
insert into artobjects_description (description, art_object_id) values ('Sed sagittis. Nam congue, risus semper porta volutpat, quam pede lobortis ligula, sit amet eleifend pede libero quis orci. Nullam molestie nibh in lectus.', 27);
insert into artobjects_description (description, art_object_id) values ('Maecenas leo odio, condimentum id, luctus nec, molestie sed, justo. Pellentesque viverra pede ac diam. Cras pellentesque volutpat dui.', 28);
insert into artobjects_description (description, art_object_id) values ('Sed ante. Vivamus tortor. Duis mattis egestas metus.', 29);
insert into artobjects_description (description, art_object_id) values ('Phasellus in felis. Donec semper sapien a libero. Nam dui.', 30);
insert into artobjects_description (description, art_object_id) values ('Duis consequat dui nec nisi volutpat eleifend. Donec ut dolor. Morbi vel lectus in quam fringilla rhoncus.', 31);
insert into artobjects_description (description, art_object_id) values ('Phasellus in felis. Donec semper sapien a libero. Nam dui.', 32);
insert into artobjects_description (description, art_object_id) values ('Vestibulum quam sapien, varius ut, blandit non, interdum in, ante. Vestibulum ante ipsum primis in faucibus orci luctus et ultrices posuere cubilia Curae; Duis faucibus accumsan odio. Curabitur convallis.', 33);
insert into artobjects_description (description, art_object_id) values ('Proin eu mi. Nulla ac enim. In tempor, turpis nec euismod scelerisque, quam turpis adipiscing lorem, vitae mattis nibh ligula nec sem.', 34);
insert into artobjects_description (description, art_object_id) values ('Phasellus sit amet erat. Nulla tempus. Vivamus in felis eu sapien cursus vestibulum.', 35);
insert into artobjects_description (description, art_object_id) values ('Maecenas tristique, est et tempus semper, est quam pharetra magna, ac consequat metus sapien ut nunc. Vestibulum ante ipsum primis in faucibus orci luctus et ultrices posuere cubilia Curae; Mauris viverra diam vitae quam. Suspendisse potenti.', 36);
insert into artobjects_description (description, art_object_id) values ('Curabitur at ipsum ac tellus semper interdum. Mauris ullamcorper purus sit amet nulla. Quisque arcu libero, rutrum ac, lobortis vel, dapibus at, diam.', 37);
insert into artobjects_description (description, art_object_id) values ('In sagittis dui vel nisl. Duis ac nibh. Fusce lacus purus, aliquet at, feugiat non, pretium quis, lectus.', 38);
insert into artobjects_description (description, art_object_id) values ('Fusce posuere felis sed lacus. Morbi sem mauris, laoreet ut, rhoncus aliquet, pulvinar sed, nisl. Nunc rhoncus dui vel sem.', 39);
insert into artobjects_description (description, art_object_id) values ('Nullam sit amet turpis elementum ligula vehicula consequat. Morbi a ipsum. Integer a nibh.', 40);
insert into artobjects_description (description, art_object_id) values ('In quis justo. Maecenas rhoncus aliquam lacus. Morbi quis tortor id nulla ultrices aliquet.', 41);
insert into artobjects_description (description, art_object_id) values ('Proin leo odio, porttitor id, consequat in, consequat ut, nulla. Sed accumsan felis. Ut at dolor quis odio consequat varius.', 42);
insert into artobjects_description (description, art_object_id) values ('Proin interdum mauris non ligula pellentesque ultrices. Phasellus id sapien in sapien iaculis congue. Vivamus metus arcu, adipiscing molestie, hendrerit at, vulputate vitae, nisl.', 43);
insert into artobjects_description (description, art_object_id) values ('Etiam vel augue. Vestibulum rutrum rutrum neque. Aenean auctor gravida sem.', 44);
insert into artobjects_description (description, art_object_id) values ('Praesent id massa id nisl venenatis lacinia. Aenean sit amet justo. Morbi ut odio.', 45);
insert into artobjects_description (description, art_object_id) values ('Quisque id justo sit amet sapien dignissim vestibulum. Vestibulum ante ipsum primis in faucibus orci luctus et ultrices posuere cubilia Curae; Nulla dapibus dolor vel est. Donec odio justo, sollicitudin ut, suscipit a, feugiat et, eros.', 46);
insert into artobjects_description (description, art_object_id) values ('Etiam vel augue. Vestibulum rutrum rutrum neque. Aenean auctor gravida sem.', 47);
insert into artobjects_description (description, art_object_id) values ('Nulla ut erat id mauris vulputate elementum. Nullam varius. Nulla facilisi.', 48);
insert into artobjects_description (description, art_object_id) values ('Cum sociis natoque penatibus et magnis dis parturient montes, nascetur ridiculus mus. Vivamus vestibulum sagittis sapien. Cum sociis natoque penatibus et magnis dis parturient montes, nascetur ridiculus mus.', 49);
insert into artobjects_description (description, art_object_id) values ('Praesent blandit. Nam nulla. Integer pede justo, lacinia eget, tincidunt eget, tempus vel, pede.', 50);
insert into artobjects_description (description, art_object_id) values ('Lorem ipsum dolor sit amet, consectetuer adipiscing elit. Proin risus. Praesent lectus.', 51);
insert into artobjects_description (description, art_object_id) values ('Duis consequat dui nec nisi volutpat eleifend. Donec ut dolor. Morbi vel lectus in quam fringilla rhoncus.', 52);
insert into artobjects_description (description, art_object_id) values ('Aenean fermentum. Donec ut mauris eget massa tempor convallis. Nulla neque libero, convallis eget, eleifend luctus, ultricies eu, nibh.', 53);
insert into artobjects_description (description, art_object_id) values ('Maecenas ut massa quis augue luctus tincidunt. Nulla mollis molestie lorem. Quisque ut erat.', 54);
insert into artobjects_description (description, art_object_id) values ('Sed ante. Vivamus tortor. Duis mattis egestas metus.', 55);
insert into artobjects_description (description, art_object_id) values ('In hac habitasse platea dictumst. Morbi vestibulum, velit id pretium iaculis, diam erat fermentum justo, nec condimentum neque sapien placerat ante. Nulla justo.', 56);
insert into artobjects_description (description, art_object_id) values ('In congue. Etiam justo. Etiam pretium iaculis justo.', 57);
insert into artobjects_description (description, art_object_id) values ('Proin interdum mauris non ligula pellentesque ultrices. Phasellus id sapien in sapien iaculis congue. Vivamus metus arcu, adipiscing molestie, hendrerit at, vulputate vitae, nisl.', 58);
insert into artobjects_description (description, art_object_id) values ('Proin leo odio, porttitor id, consequat in, consequat ut, nulla. Sed accumsan felis. Ut at dolor quis odio consequat varius.', 59);
insert into artobjects_description (description, art_object_id) values ('Maecenas leo odio, condimentum id, luctus nec, molestie sed, justo. Pellentesque viverra pede ac diam. Cras pellentesque volutpat dui.', 60);
insert into artobjects_description (description, art_object_id) values ('Maecenas tristique, est et tempus semper, est quam pharetra magna, ac consequat metus sapien ut nunc. Vestibulum ante ipsum primis in faucibus orci luctus et ultrices posuere cubilia Curae; Mauris viverra diam vitae quam. Suspendisse potenti.', 61);
insert into artobjects_description (description, art_object_id) values ('Sed sagittis. Nam congue, risus semper porta volutpat, quam pede lobortis ligula, sit amet eleifend pede libero quis orci. Nullam molestie nibh in lectus.', 62);
insert into artobjects_description (description, art_object_id) values ('In hac habitasse platea dictumst. Etiam faucibus cursus urna. Ut tellus.', 63);
insert into artobjects_description (description, art_object_id) values ('Nulla ut erat id mauris vulputate elementum. Nullam varius. Nulla facilisi.', 64);
insert into artobjects_description (description, art_object_id) values ('Nullam sit amet turpis elementum ligula vehicula consequat. Morbi a ipsum. Integer a nibh.', 65);
insert into artobjects_description (description, art_object_id) values ('Maecenas tristique, est et tempus semper, est quam pharetra magna, ac consequat metus sapien ut nunc. Vestibulum ante ipsum primis in faucibus orci luctus et ultrices posuere cubilia Curae; Mauris viverra diam vitae quam. Suspendisse potenti.', 66);
insert into artobjects_description (description, art_object_id) values ('In quis justo. Maecenas rhoncus aliquam lacus. Morbi quis tortor id nulla ultrices aliquet.', 67);
insert into artobjects_description (description, art_object_id) values ('Morbi non lectus. Aliquam sit amet diam in magna bibendum imperdiet. Nullam orci pede, venenatis non, sodales sed, tincidunt eu, felis.', 68);
insert into artobjects_description (description, art_object_id) values ('Maecenas leo odio, condimentum id, luctus nec, molestie sed, justo. Pellentesque viverra pede ac diam. Cras pellentesque volutpat dui.', 69);
insert into artobjects_description (description, art_object_id) values ('Phasellus sit amet erat. Nulla tempus. Vivamus in felis eu sapien cursus vestibulum.', 70);
insert into artobjects_description (description, art_object_id) values ('Fusce consequat. Nulla nisl. Nunc nisl.', 71);
insert into artobjects_description (description, art_object_id) values ('Morbi porttitor lorem id ligula. Suspendisse ornare consequat lectus. In est risus, auctor sed, tristique in, tempus sit amet, sem.', 72);
insert into artobjects_description (description, art_object_id) values ('Duis aliquam convallis nunc. Proin at turpis a pede posuere nonummy. Integer non velit.', 73);
insert into artobjects_description (description, art_object_id) values ('Nullam sit amet turpis elementum ligula vehicula consequat. Morbi a ipsum. Integer a nibh.', 74);
insert into artobjects_description (description, art_object_id) values ('Etiam vel augue. Vestibulum rutrum rutrum neque. Aenean auctor gravida sem.', 75);
insert into artobjects_description (description, art_object_id) values ('In congue. Etiam justo. Etiam pretium iaculis justo.', 76);
insert into artobjects_description (description, art_object_id) values ('Fusce posuere felis sed lacus. Morbi sem mauris, laoreet ut, rhoncus aliquet, pulvinar sed, nisl. Nunc rhoncus dui vel sem.', 77);
insert into artobjects_description (description, art_object_id) values ('In sagittis dui vel nisl. Duis ac nibh. Fusce lacus purus, aliquet at, feugiat non, pretium quis, lectus.', 78);
insert into artobjects_description (description, art_object_id) values ('Phasellus in felis. Donec semper sapien a libero. Nam dui.', 79);
insert into artobjects_description (description, art_object_id) values ('Sed sagittis. Nam congue, risus semper porta volutpat, quam pede lobortis ligula, sit amet eleifend pede libero quis orci. Nullam molestie nibh in lectus.', 80);
insert into artobjects_description (description, art_object_id) values ('Lorem ipsum dolor sit amet, consectetuer adipiscing elit. Proin risus. Praesent lectus.', 81);
insert into artobjects_description (description, art_object_id) values ('Curabitur in libero ut massa volutpat convallis. Morbi odio odio, elementum eu, interdum eu, tincidunt in, leo. Maecenas pulvinar lobortis est.', 82);
insert into artobjects_description (description, art_object_id) values ('In quis justo. Maecenas rhoncus aliquam lacus. Morbi quis tortor id nulla ultrices aliquet.', 83);
insert into artobjects_description (description, art_object_id) values ('Pellentesque at nulla. Suspendisse potenti. Cras in purus eu magna vulputate luctus.', 84);
insert into artobjects_description (description, art_object_id) values ('Lorem ipsum dolor sit amet, consectetuer adipiscing elit. Proin risus. Praesent lectus.', 85);
insert into artobjects_description (description, art_object_id) values ('Duis bibendum. Morbi non quam nec dui luctus rutrum. Nulla tellus.', 86);
insert into artobjects_description (description, art_object_id) values ('Donec diam neque, vestibulum eget, vulputate ut, ultrices vel, augue. Vestibulum ante ipsum primis in faucibus orci luctus et ultrices posuere cubilia Curae; Donec pharetra, magna vestibulum aliquet ultrices, erat tortor sollicitudin mi, sit amet lobortis sapien sapien non mi. Integer ac neque.', 87);
insert into artobjects_description (description, art_object_id) values ('Phasellus in felis. Donec semper sapien a libero. Nam dui.', 88);
insert into artobjects_description (description, art_object_id) values ('Proin leo odio, porttitor id, consequat in, consequat ut, nulla. Sed accumsan felis. Ut at dolor quis odio consequat varius.', 89);
insert into artobjects_description (description, art_object_id) values ('Mauris enim leo, rhoncus sed, vestibulum sit amet, cursus id, turpis. Integer aliquet, massa id lobortis convallis, tortor risus dapibus augue, vel accumsan tellus nisi eu orci. Mauris lacinia sapien quis libero.', 90);
insert into artobjects_description (description, art_object_id) values ('Morbi non lectus. Aliquam sit amet diam in magna bibendum imperdiet. Nullam orci pede, venenatis non, sodales sed, tincidunt eu, felis.', 91);
insert into artobjects_description (description, art_object_id) values ('Mauris enim leo, rhoncus sed, vestibulum sit amet, cursus id, turpis. Integer aliquet, massa id lobortis convallis, tortor risus dapibus augue, vel accumsan tellus nisi eu orci. Mauris lacinia sapien quis libero.', 92);
insert into artobjects_description (description, art_object_id) values ('In quis justo. Maecenas rhoncus aliquam lacus. Morbi quis tortor id nulla ultrices aliquet.', 93);
insert into artobjects_description (description, art_object_id) values ('Aenean fermentum. Donec ut mauris eget massa tempor convallis. Nulla neque libero, convallis eget, eleifend luctus, ultricies eu, nibh.', 94);
insert into artobjects_description (description, art_object_id) values ('Fusce posuere felis sed lacus. Morbi sem mauris, laoreet ut, rhoncus aliquet, pulvinar sed, nisl. Nunc rhoncus dui vel sem.', 95);
insert into artobjects_description (description, art_object_id) values ('Maecenas leo odio, condimentum id, luctus nec, molestie sed, justo. Pellentesque viverra pede ac diam. Cras pellentesque volutpat dui.', 96);
insert into artobjects_description (description, art_object_id) values ('Mauris enim leo, rhoncus sed, vestibulum sit amet, cursus id, turpis. Integer aliquet, massa id lobortis convallis, tortor risus dapibus augue, vel accumsan tellus nisi eu orci. Mauris lacinia sapien quis libero.', 97);
insert into artobjects_description (description, art_object_id) values ('Maecenas ut massa quis augue luctus tincidunt. Nulla mollis molestie lorem. Quisque ut erat.', 98);
insert into artobjects_description (description, art_object_id) values ('In quis justo. Maecenas rhoncus aliquam lacus. Morbi quis tortor id nulla ultrices aliquet.', 99);



insert into artobjects_artstory (story, art_object_id) values ('Phasellus sit amet erat. Nulla tempus. Vivamus in felis eu sapien cursus vestibulum.', 48);
insert into artobjects_artstory (story, art_object_id) values ( 'Maecenas tristique, est et tempus semper, est quam pharetra magna, ac consequat metus sapien ut nunc. Vestibulum ante ipsum primis in faucibus orci luctus et ultrices posuere cubilia Curae; Mauris viverra diam vitae quam. Suspendisse potenti.

Nullam porttitor lacus at turpis. Donec posuere metus vitae ipsum. Aliquam non mauris.', 49);
insert into artobjects_artstory (story, art_object_id) values ('Phasellus in felis. Donec semper sapien a libero. Nam dui.', 50);


insert into artobjects_borrowedcollection (date_borrowed, date_returned, art_object_id) values ('2022-07-15 12:40:29', '2023-01-20 20:04:38', 1);
insert into artobjects_borrowedcollection (date_borrowed, date_returned, art_object_id) values ('2022-11-03 02:32:31', '2023-02-05 07:32:24', 2);
insert into artobjects_borrowedcollection (date_borrowed, date_returned, art_object_id) values ('2022-06-03 23:29:04', '2023-01-03 19:15:17', 3);
insert into artobjects_borrowedcollection (date_borrowed, date_returned, art_object_id) values ('2022-10-14 06:13:11', '2023-01-07 15:10:25', 4);
insert into artobjects_borrowedcollection (date_borrowed, date_returned, art_object_id) values ('2022-07-12 17:00:47', '2023-02-24 00:24:42', 5);
insert into artobjects_borrowedcollection (date_borrowed, date_returned, art_object_id) values ('2022-03-14 07:47:04', '2023-02-06 14:27:00', 6);
insert into artobjects_borrowedcollection (date_borrowed, date_returned, art_object_id) values ('2022-09-14 15:19:28', '2023-02-15 10:21:10', 7);
insert into artobjects_borrowedcollection (date_borrowed, date_returned, art_object_id) values ('2022-04-07 14:22:42', '2023-02-06 18:27:57', 8);
insert into artobjects_borrowedcollection (date_borrowed, date_returned, art_object_id) values ('2022-09-19 17:41:03', '2023-01-26 02:57:59', 9);
insert into artobjects_borrowedcollection (date_borrowed, date_returned, art_object_id) values ('2022-10-05 03:25:34', '2023-02-23 03:17:15', 10);
insert into artobjects_borrowedcollection (date_borrowed, date_returned, art_object_id) values ('2022-08-13 06:58:34', '2023-01-01 16:55:18', 11);
insert into artobjects_borrowedcollection (date_borrowed, date_returned, art_object_id) values ('2022-02-26 09:18:58', '2023-01-06 04:27:34', 12);
insert into artobjects_borrowedcollection (date_borrowed, date_returned, art_object_id) values ('2022-10-31 00:59:12', '2023-01-17 23:55:37', 13);
insert into artobjects_borrowedcollection (date_borrowed, date_returned, art_object_id) values ('2022-10-09 16:45:35', '2023-02-11 11:52:28', 14);
insert into artobjects_borrowedcollection (date_borrowed, date_returned, art_object_id) values ('2022-06-21 14:35:43', '2023-01-09 05:28:00', 15);
insert into artobjects_borrowedcollection (date_borrowed, date_returned, art_object_id) values ('2022-09-16 21:30:59', '2023-02-10 19:34:36', 16);
insert into artobjects_borrowedcollection (date_borrowed, date_returned, art_object_id) values ('2022-09-28 11:27:16', '2023-01-28 15:28:01', 17);
insert into artobjects_borrowedcollection (date_borrowed, date_returned, art_object_id) values ('2022-05-30 02:18:53', '2023-02-23 04:34:33', 18);
insert into artobjects_borrowedcollection (date_borrowed, date_returned, art_object_id) values ('2022-03-16 02:25:04', '2023-01-20 08:25:37', 19);
insert into artobjects_borrowedcollection (date_borrowed, date_returned, art_object_id) values ('2022-07-19 13:41:50', '2023-02-06 06:58:33', 20);
insert into artobjects_borrowedcollection (date_borrowed, date_returned, art_object_id) values ('2022-05-15 07:06:32', '2023-01-07 02:25:23', 21);
insert into artobjects_borrowedcollection (date_borrowed, date_returned, art_object_id) values ('2022-11-28 00:36:53', '2023-01-05 23:40:59', 22);
insert into artobjects_borrowedcollection (date_borrowed, date_returned, art_object_id) values ('2022-10-30 17:04:31', '2023-02-11 00:59:31', 23);
insert into artobjects_borrowedcollection (date_borrowed, date_returned, art_object_id) values ('2022-03-13 21:31:05', '2023-01-31 01:55:32', 24);
insert into artobjects_borrowedcollection (date_borrowed, date_returned, art_object_id) values ('2022-08-19 09:25:27', '2023-02-16 07:37:19', 25);
insert into artobjects_borrowedcollection (date_borrowed, date_returned, art_object_id) values ('2022-04-24 00:18:34', '2023-02-05 09:28:19', 26);
insert into artobjects_borrowedcollection (date_borrowed, date_returned, art_object_id) values ('2022-05-05 11:35:18', '2023-01-03 21:52:33', 27);
insert into artobjects_borrowedcollection (date_borrowed, date_returned, art_object_id) values ('2022-05-01 13:34:32', '2023-01-22 05:39:07', 28);
insert into artobjects_borrowedcollection (date_borrowed, date_returned, art_object_id) values ('2022-05-05 05:26:25', '2023-01-01 17:56:34', 29);
insert into artobjects_borrowedcollection (date_borrowed, date_returned, art_object_id) values ('2022-03-14 13:19:23', '2023-01-25 08:07:23', 30);
insert into artobjects_borrowedcollection (date_borrowed, date_returned, art_object_id) values ('2022-03-12 18:13:49', '2023-02-11 23:38:10', 31);
insert into artobjects_borrowedcollection (date_borrowed, date_returned, art_object_id) values ('2022-06-18 02:37:50', '2023-02-05 18:36:55', 32);
insert into artobjects_borrowedcollection (date_borrowed, date_returned, art_object_id) values ('2022-11-19 13:33:44', '2023-01-22 00:17:59', 33);
insert into artobjects_borrowedcollection (date_borrowed, date_returned, art_object_id) values ('2022-07-09 17:35:11', '2023-01-10 02:50:03', 34);
insert into artobjects_borrowedcollection (date_borrowed, date_returned, art_object_id) values ('2022-11-28 03:40:09', '2023-02-19 00:22:32', 35);
insert into artobjects_borrowedcollection (date_borrowed, date_returned, art_object_id) values ('2022-06-18 06:11:12', '2023-01-25 23:16:57', 36);
insert into artobjects_borrowedcollection (date_borrowed, date_returned, art_object_id) values ('2022-09-12 06:17:08', '2023-02-04 19:48:50', 37);
insert into artobjects_borrowedcollection (date_borrowed, date_returned, art_object_id) values ('2022-03-13 12:56:28', '2023-02-09 01:50:54', 38);
insert into artobjects_borrowedcollection (date_borrowed, date_returned, art_object_id) values ('2022-09-29 06:26:23', '2023-02-23 02:01:56', 39);
insert into artobjects_borrowedcollection (date_borrowed, date_returned, art_object_id) values ('2022-03-28 22:16:24', '2023-01-28 22:21:51', 40);
insert into artobjects_borrowedcollection (date_borrowed, date_returned, art_object_id) values ('2022-10-31 08:29:21', '2023-01-07 02:04:39', 41);
insert into artobjects_borrowedcollection (date_borrowed, date_returned, art_object_id) values ('2022-05-15 03:04:02', '2023-02-18 06:32:13', 42);
insert into artobjects_borrowedcollection (date_borrowed, date_returned, art_object_id) values ('2022-07-14 04:58:29', '2023-01-03 09:32:04', 43);
insert into artobjects_borrowedcollection (date_borrowed, date_returned, art_object_id) values ('2022-09-21 13:48:05', '2023-02-21 08:05:33', 44);
insert into artobjects_borrowedcollection (date_borrowed, date_returned, art_object_id) values ('2022-10-07 10:41:37', '2023-02-18 21:46:19', 45);
insert into artobjects_borrowedcollection (date_borrowed, date_returned, art_object_id) values ('2022-03-31 22:19:08', '2023-01-02 08:06:33', 46);
insert into artobjects_borrowedcollection (date_borrowed, date_returned, art_object_id) values ('2022-11-26 05:55:05', '2023-01-21 03:38:07', 47);
insert into artobjects_borrowedcollection (date_borrowed, date_returned, art_object_id) values ('2022-11-02 13:20:11', '2023-02-21 04:45:00', 48);
insert into artobjects_borrowedcollection (date_borrowed, date_returned, art_object_id) values ('2022-04-09 11:44:21', '2023-01-01 17:59:24', 49);
insert into artobjects_borrowedcollection (date_borrowed, date_returned, art_object_id) values ('2022-09-13 00:39:15', '2023-02-17 07:48:25', 50);
insert into artobjects_permenantcollection (date_aquired, art_object_id) values ('2021-06-25 05:50:18', 51);
insert into artobjects_permenantcollection (date_aquired, art_object_id) values ('2021-02-19 20:56:24', 52);
insert into artobjects_permenantcollection (date_aquired, art_object_id) values ('2020-11-14 23:46:01', 53);
insert into artobjects_permenantcollection (date_aquired, art_object_id) values ('2021-09-19 22:11:08', 54);
insert into artobjects_permenantcollection (date_aquired, art_object_id) values ('2021-10-03 11:49:32', 55);
insert into artobjects_permenantcollection (date_aquired, art_object_id) values ('2022-11-01 17:29:06', 56);
insert into artobjects_permenantcollection (date_aquired, art_object_id) values ('2020-08-11 05:11:16', 57);
insert into artobjects_permenantcollection (date_aquired, art_object_id) values ('2020-09-07 14:25:06', 58);
insert into artobjects_permenantcollection (date_aquired, art_object_id) values ('2021-02-17 01:56:41', 59);
insert into artobjects_permenantcollection (date_aquired, art_object_id) values ('2022-08-21 07:40:48', 60);
insert into artobjects_permenantcollection (date_aquired, art_object_id) values ('2022-08-03 20:35:51', 61);
insert into artobjects_permenantcollection (date_aquired, art_object_id) values ('2021-11-13 06:38:15', 62);
insert into artobjects_permenantcollection (date_aquired, art_object_id) values ('2020-03-16 03:38:06', 63);
insert into artobjects_permenantcollection (date_aquired, art_object_id) values ('2020-11-06 20:02:27', 64);
insert into artobjects_permenantcollection (date_aquired, art_object_id) values ('2021-05-10 04:27:36', 65);
insert into artobjects_permenantcollection (date_aquired, art_object_id) values ('2022-05-26 16:34:40', 66);
insert into artobjects_permenantcollection (date_aquired, art_object_id) values ('2022-03-01 13:55:50', 67);
insert into artobjects_permenantcollection (date_aquired, art_object_id) values ('2022-03-10 12:09:25', 68);
insert into artobjects_permenantcollection (date_aquired, art_object_id) values ('2021-10-26 13:55:26', 69);
insert into artobjects_permenantcollection (date_aquired, art_object_id) values ('2022-01-18 23:19:13', 70);
insert into artobjects_permenantcollection (date_aquired, art_object_id) values ('2022-02-13 16:59:04', 71);
insert into artobjects_permenantcollection (date_aquired, art_object_id) values ('2022-10-24 11:44:45', 72);
insert into artobjects_permenantcollection (date_aquired, art_object_id) values ('2020-12-08 08:19:39', 73);
insert into artobjects_permenantcollection (date_aquired, art_object_id) values ('2022-04-24 05:38:56', 74);
insert into artobjects_permenantcollection (date_aquired, art_object_id) values ('2022-02-09 12:16:39', 75);
insert into artobjects_permenantcollection (date_aquired, art_object_id) values ('2021-08-24 02:47:11', 76);
insert into artobjects_permenantcollection (date_aquired, art_object_id) values ('2021-03-05 01:30:21', 77);
insert into artobjects_permenantcollection (date_aquired, art_object_id) values ('2020-04-27 07:40:39', 78);
insert into artobjects_permenantcollection (date_aquired, art_object_id) values ('2022-01-08 17:53:24', 79);
insert into artobjects_permenantcollection (date_aquired, art_object_id) values ('2022-03-15 15:44:34', 80);
insert into artobjects_permenantcollection (date_aquired, art_object_id) values ('2022-09-25 01:48:00', 81);
insert into artobjects_permenantcollection (date_aquired, art_object_id) values ('2022-02-08 02:36:20', 82);
insert into artobjects_permenantcollection (date_aquired, art_object_id) values ('2022-03-08 05:00:24', 83);
insert into artobjects_permenantcollection (date_aquired, art_object_id) values ('2022-04-18 08:27:38', 84);
insert into artobjects_permenantcollection (date_aquired, art_object_id) values ('2022-06-21 03:52:08', 85);
insert into artobjects_permenantcollection (date_aquired, art_object_id) values ('2022-08-04 01:15:55', 86);
insert into artobjects_permenantcollection (date_aquired, art_object_id) values ('2021-08-05 16:36:07', 87);
insert into artobjects_permenantcollection (date_aquired, art_object_id) values ('2021-10-23 04:46:56', 88);
insert into artobjects_permenantcollection (date_aquired, art_object_id) values ('2021-03-11 07:09:14', 89);
insert into artobjects_permenantcollection (date_aquired, art_object_id) values ('2022-01-17 06:35:27', 90);
insert into artobjects_permenantcollection (date_aquired, art_object_id) values ('2022-06-16 19:37:51', 91);
insert into artobjects_permenantcollection (date_aquired, art_object_id) values ('2020-10-29 00:55:50', 92);
insert into artobjects_permenantcollection (date_aquired, art_object_id) values ('2021-03-15 14:48:45', 93);
insert into artobjects_permenantcollection (date_aquired, art_object_id) values ('2020-09-23 02:54:08', 94);
insert into artobjects_permenantcollection (date_aquired, art_object_id) values ('2022-09-30 12:51:32', 95);
insert into artobjects_permenantcollection (date_aquired, art_object_id) values ('2021-08-30 20:07:10', 96);
insert into artobjects_permenantcollection (date_aquired, art_object_id) values ('2021-09-30 11:45:16', 97);
insert into artobjects_permenantcollection (date_aquired, art_object_id) values ('2020-11-24 18:16:51', 98);
insert into artobjects_permenantcollection (date_aquired, art_object_id) values ('2022-06-17 14:01:56', 99);
insert into artobjects_permenantcollection (date_aquired, art_object_id) values ('2022-08-21 22:54:47', 100);



insert into artobjects_other (origin, art_object_id) values ('Ukraine', 1);
insert into artobjects_other (origin, art_object_id) values ('China', 2);
insert into artobjects_other (origin, art_object_id) values ('Indonesia', 3);
insert into artobjects_other (origin, art_object_id) values ('Kazakhstan', 4);
insert into artobjects_other (origin, art_object_id) values ('Indonesia', 5);
insert into artobjects_other (origin, art_object_id) values ('Slovenia', 6);
insert into artobjects_other (origin, art_object_id) values ('China', 7);
insert into artobjects_other (origin, art_object_id) values ('Portugal', 8);
insert into artobjects_other (origin, art_object_id) values ('Dominican Republic', 9);
insert into artobjects_other (origin, art_object_id) values ('China', 10);
insert into artobjects_other (origin, art_object_id) values ('Ukraine', 11);
insert into artobjects_other (origin, art_object_id) values ('United States', 12);
insert into artobjects_other (origin, art_object_id) values ('Russia', 13);
insert into artobjects_other (origin, art_object_id) values ('Cuba', 14);
insert into artobjects_other (origin, art_object_id) values ('Jamaica', 15);
insert into artobjects_other (origin, art_object_id) values ('Pakistan', 16);
insert into artobjects_other (origin, art_object_id) values ('Japan', 17);
insert into artobjects_other (origin, art_object_id) values ('China', 18);
insert into artobjects_other (origin, art_object_id) values ('Argentina', 19);
insert into artobjects_other (origin, art_object_id) values ('China', 20);


insert into artobjects_chariot (object_number, origin, chassis_number, art_object_id) values (21, 'Iran', 21, 21);
insert into artobjects_chariot (object_number, origin, chassis_number, art_object_id) values (22, 'Russia', 22, 22);
insert into artobjects_chariot (object_number, origin, chassis_number, art_object_id) values (23, 'Indonesia', 23, 23);
insert into artobjects_chariot (object_number, origin, chassis_number, art_object_id) values (24, 'Syria', 24, 24);
insert into artobjects_chariot (object_number, origin, chassis_number, art_object_id) values (25, 'Philippines', 25, 25);
insert into artobjects_chariot (object_number, origin, chassis_number, art_object_id) values (26, 'United States', 26, 26);
insert into artobjects_chariot (object_number, origin, chassis_number, art_object_id) values (27, 'Haiti', 27, 27);
insert into artobjects_chariot (object_number, origin, chassis_number, art_object_id) values (28, 'Morocco', 28, 28);
insert into artobjects_chariot (object_number, origin, chassis_number, art_object_id) values (29, 'Mexico', 29, 29);
insert into artobjects_chariot (object_number, origin, chassis_number, art_object_id) values (30, 'New Zealand', 30, 30);
insert into artobjects_chariot (object_number, origin, chassis_number, art_object_id) values (31, 'Cuba', 31, 31);
insert into artobjects_chariot (object_number, origin, chassis_number, art_object_id) values (32, 'China', 32, 32);
insert into artobjects_chariot (object_number, origin, chassis_number, art_object_id) values (33, 'Chile', 33, 33);
insert into artobjects_chariot (object_number, origin, chassis_number, art_object_id) values (34, 'Portugal', 34, 34);
insert into artobjects_chariot (object_number, origin, chassis_number, art_object_id) values (35, 'Indonesia', 35, 35);
insert into artobjects_chariot (object_number, origin, chassis_number, art_object_id) values (36, 'Sri Lanka', 36, 36);
insert into artobjects_chariot (object_number, origin, chassis_number, art_object_id) values (37, 'China', 37, 37);
insert into artobjects_chariot (object_number, origin, chassis_number, art_object_id) values (38, 'Italy', 38, 38);
insert into artobjects_chariot (object_number, origin, chassis_number, art_object_id) values (39, 'Greece', 39, 39);


insert into artobjects_painting (artist_name, art_object_id) values ('Abba Figures', 40);
insert into artobjects_painting (artist_name, art_object_id) values ('Andras Pantlin', 41);
insert into artobjects_painting (artist_name, art_object_id) values ('Prince Piet', 42);
insert into artobjects_painting (artist_name, art_object_id) values ('Joey Gravatt', 43);
insert into artobjects_painting (artist_name, art_object_id) values ('Cloris Dixie', 44);
insert into artobjects_painting (artist_name, art_object_id) values ('Kathlin Springford', 45);
insert into artobjects_painting (artist_name, art_object_id) values ('Eulalie Fawcett', 46);
insert into artobjects_painting (artist_name, art_object_id) values ('Emelen Grabbam', 47);
insert into artobjects_painting (artist_name, art_object_id) values ('Georges Sabathe', 48);




insert into artobjects_holding (id, material, art_object_id) values (49, 'Granite', 49);
insert into artobjects_holding (id, material, art_object_id) values (50, 'Steel', 50);
insert into artobjects_holding (id, material, art_object_id) values (51, 'Steel', 51);
insert into artobjects_holding (id, material, art_object_id) values (52, 'Plastic', 52);
insert into artobjects_holding (id, material, art_object_id) values (53, 'Aluminum', 53);
insert into artobjects_holding (id, material, art_object_id) values (54, 'Aluminum', 54);
insert into artobjects_holding (id, material, art_object_id) values (55, 'Plastic', 55);




